<TABLE_DEFINITIONS Table="SQGDP1" Name="Gross Domestic Product (GDP) summary, quarterly by state" Source="USDOC/BEA/RD"><LINE><Code>1</Code><Description>Real GDP (millions of chained 2012 dollars)</Description><Definition>Real GDP by state is an inflation-adjusted measure of each state's gross product that is based on national prices for the goods and services produced within the state. The real estimates of gross domestic product (GDP) by state are measured in chained (2012) dollars (SIC-based statistics are in chained (1997) dollars).</Definition></LINE><LINE><Code>2</Code><Description>Chain-type quantity indexes for real GDP</Description><Definition>A quantity index is an index number that measures the change in the level of a quantity from a base year, apart from any changes in relative prices. The value of the quantity index is 100 for the base year.BEA uses chain-type annual-weighted indexes, also known as Fisher indexes, as its measure of real output and prices. These measures allow for the effects of changes in relative prices and in the composition of output over time, thereby eliminating a major source of bias inherent in fixed-weight indexes.</Definition></LINE><LINE><Code>3</Code><Description>Current-dollar GDP (millions of current dollars)</Description><Definition>Gross domestic product (GDP) by state is the measure of the market value of all final goods and services produced within a state in a particular period of time. In concept, an industry's GDP by state, referred to as its "value added", is equivalent to its gross output (sales or receipts and other operating income, commodity taxes, and inventory change) minus its intermediate inputs (consumption of goods and services purchased from other U.S. industries or imported). GDP by state is the state counterpart of the Nation's GDP, the Bureau's featured and most comprehensive measure of U.S. economic activity. GDP by state differs from national GDP for the following reasons: GDP by state excludes and national GDP includes the compensation of federal civilian and military personnel stationed abroad and government consumption of fixed capital for military structures located abroad and for military equipment, except office equipment; and GDP by state and GDP have different revision schedules.</Definition></LINE></TABLE_DEFINITIONS>
